ancientbean,57db873e-c77f-3a4d-91fc-5c1db7901d65
bravenewworld78,e058a41d-2357-3892-afd9-d4e8047cf138
dracuky,1a2ebdf2-222e-3609-9c29-91d21aff10ef
eliottdm,1c89d44f-f708-3f8a-b088-badb18671b82
grim_blueberry,f65ece8e-e411-3b69-9b82-a0f42b41b21d
mikeycreeper123,2f239579-8d36-3da3-ae38-4c47e5469c58
mr_derptaco,e7cb812a-8c9d-3041-9a9d-8fe987798cd2
prpld01,a5c379b6-699f-32a5-b8cf-16b8defead06
prpld02,796eefe3-0bf3-37ea-89ef-d8639f20e8bb
prpld03,c5bea666-b322-356e-bc28-e041fbc9d554
prpld04,9e05aa56-b3e4-38a2-92c3-c9d99a430356
prpld05,c93b0500-2153-39ce-b599-1aa5018abb1a
prpld06,4dff7b6e-ae49-30ee-965c-4ce86e6ebd9c
prpld07,ad2a526e-ab0d-3906-b6f3-044bcf482bf2
prpld08,48203cad-a383-368c-b267-ca30fed8789a
prpld09,14e17325-0337-3048-a61b-c7038bc29d55
prpld10,ee0e352d-1c3a-3b53-ba2c-48a868aea6ee
prpld11,c9519ebb-d143-3e39-8410-58823fff68a1
prpld12,272672d1-86b8-3afd-9ea0-baa8dda1c47d
prpld13,e2f24f37-69ee-39e0-92f1-bd6d3d0819c1
prpld14,8de40196-5903-3662-bf60-fce9f6a67d40
prpld15,8b70db40-f6ed-38b6-a848-b93dfb29afa3
prpld16,4b7f7ab5-47ee-3582-9f13-ad34c6b80789
prpld17,6bc739ba-f707-3db6-8f47-63c0efc05335
prpld18,8878438e-2863-385f-9df7-40bce62a2152
prpld19,d6e987a4-51ca-3b9e-bdb5-fade0c814e26
prpld20,fafd8c0e-b15b-3797-88d4-b8ffea0015f9
prpld21,553550a1-2198-32b8-8417-5ed6aedb8de0
tacowzhd,075ff613-cad3-3c92-9716-f9158e5382cd
trainfrog,f1afe957-b826-3d53-b541-faf9ac22e1e2
